Width,Depth,w_h,d50,H,L,U,D_d50,ws,KD,Lsat_D,Lsat_d50,Lsat_b_D,Th,Thc,DelTh,ust,P,Ret,Lsat_b,Lsat_s
2.44,0.19,12.8,0.00028,0.073,3.57,0.75,678.5714286,0.036942404,0.334399218,9.900386166,42.92266893,0.063254459,0.304196483,0.04559398,0.258602503,0.037111723,2.488593926,10.39128248,0.012018347,1.881073372
1.22,0.12,10.2,0.0004,0.064,2.134,0.57,300,0.056415609,0.353318761,4.926825409,27.27748532,0.090924951,0.152170542,0.03464567,0.117524872,0.031372585,4.495613762,12.54903387,0.010910994,0.591219049
2.44,0.31,2,0.00019,0.098,5.4,0.82,1631.578947,0.021523872,0.360701379,18.50825735,57.73190527,0.035384071,0.43608372,0.066036224,0.370047497,0.036603006,1.470089132,6.954571049,0.010969062,5.737559779
0.5,0.25,2,0.00029,0.072,4.35,0.8,862.0689655,0.038635429,0.361102604,10.11465811,43.23658506,0.050154439,0.31522997,0.044194897,0.271035073,0.038447469,2.512221826,11.14976611,0.01253861,2.528664528
2.44,0.12,20.3,0.00045,0.079,1.95,0.4,266.6666667,0.063899546,0.386657557,3.040982914,17.70776082,0.066404103,0.068824131,0.032620478,0.036203652,0.022378534,7.138486586,10.07034034,0.007968492,0.36491795
2.44,0.13,18.8,0.00045,0.079,1.92,0.45,288.8888889,0.063899546,0.425424005,3.428008295,19.7006771,0.068194652,0.085187475,0.032620478,0.052566997,0.024897122,6.416358809,11.20370471,0.008865305,0.445641078
1.22,0.12,10.2,0.0004,0.049,1.707,0.75,300,0.056415609,0.441700197,6.503994875,35.89142805,0.119638093,0.263453155,0.03464567,0.228807485,0.041279717,3.416666459,16.51188667,0.014356571,0.780479385
1.22,0.24,5.1,0.0004,0.061,3.261,1.02,600,0.056415609,0.462423942,8.879009303,44.56216353,0.074270273,0.40612008,0.03464567,0.37147441,0.051252168,2.751864557,20.50086702,0.017824865,2.130962233
1.22,0.25,4.9,0.0004,0.067,3.17,0.88,625,0.056415609,0.495519346,7.651256381,38.24964474,0.061199432,0.299210437,0.03464567,0.264564767,0.043991966,3.206017709,17.59678657,0.015299858,1.912814095
1.22,0.24,5.1,0.0004,0.082,2.804,0.81,600,0.056415609,0.537790469,7.036812599,35.38760045,0.058979334,0.256108597,0.03464567,0.221462927,0.040700251,3.465310923,16.28010028,0.01415504,1.688835024
2.44,0.2,12.2,0.00047,0.021,2.286,0.89,425.5319149,0.066785464,0.549710001,6.542644983,35.71798689,0.083937269,0.287421065,0.032069345,0.25535172,0.046737259,3.572388827,21.9665116,0.016787454,1.308528997
1.22,0.3,4.1,0.0004,0.088,3.414,0.76,750,0.056415609,0.552125247,6.600136695,32.29784433,0.043063792,0.213338384,0.03464567,0.178692714,0.037146637,3.796818052,14.85865495,0.012919138,1.980041009
2.44,0.31,2,0.00027,0.125,3.38,0.8,1148.148148,0.035240343,0.576268475,11.08227117,44.25652039,0.038546002,0.316416208,0.047119159,0.269297049,0.037167748,2.370357692,10.03529207,0.011949261,3.435504063
2.44,0.23,2.7,0.00028,0.107,2.5,0.65,821.4285714,0.036942404,0.578053048,8.563672875,36.3407463,0.044240909,0.218056198,0.04559398,0.172462218,0.031420873,2.939320296,8.797844356,0.010175409,1.969644761
2.44,0.23,10.6,0.00047,0.067,2.499,0.49,489.3617021,0.066785464,0.578284362,3.580872357,19.31063655,0.039460866,0.084011324,0.032069345,0.051941979,0.025268115,6.607681572,11.87601426,0.009075999,0.823600642
2.44,0.21,11.6,0.00019,0.094,2.26,0.54,1105.263158,0.021523872,0.583835803,12.06935472,39.74601868,0.035960684,0.206692804,0.066036224,0.140656581,0.025199649,2.13533454,4.787933285,0.007551744,2.534564491
2.44,0.33,7.4,0.00019,0.119,3.54,0.72,1736.842105,0.021523872,0.585720664,16.21116397,50.34020892,0.028983757,0.331564573,0.066036224,0.265528349,0.031916545,1.68594943,6.064143525,0.00956464,5.34968411
0.76,0.115,6.6,0.00054,0.043,1.23,0.46,212.962963,0.076421583,0.587452285,2.936753373,18.17171334,0.085328045,0.080856315,0.030986951,0.049869364,0.026571059,7.190302709,14.34837178,0.009812725,0.337726638
1.22,0.3,4.1,0.0004,0.085,3.2,0.76,750,0.056415609,0.589048623,6.600136695,32.29784433,0.043063792,0.213338384,0.03464567,0.178692714,0.037146637,3.796818052,14.85865495,0.012919138,1.980041009
2.44,0.15,16.3,0.00019,0.061,1.59,0.64,789.4736842,0.021523872,0.592753331,14.35747359,49.03108558,0.062106042,0.314543787,0.066036224,0.248507563,0.031086539,1.730964051,5.906442316,0.009315906,2.153621039
2.44,0.17,14.4,0.00093,0.052,1.8,0.75,182.7956989,0.119772555,0.593411946,3.079775851,19.61168651,0.107287461,0.13049852,0.034251084,0.096247437,0.044299546,6.759242792,41.19857798,0.018238868,0.523561895
2.44,0.17,14.4,0.00047,0.104,1.771,0.54,361.7021277,0.066785464,0.603129024,3.94940333,22.14405772,0.061221807,0.11047374,0.032069345,0.078404395,0.028975669,5.762202163,13.61856429,0.010407707,0.671398566
2.44,0.22,11.1,0.00047,0.119,2.243,0.61,468.0851064,0.066785464,0.616273191,4.469349461,24.17833018,0.051653705,0.131703482,0.032069345,0.099634137,0.03163753,5.277392455,14.86963899,0.011363815,0.983256881
0.76,0.104,7.3,0.00054,0.052,1.05,0.46,192.5925926,0.076421583,0.622334545,2.936224583,18.43943458,0.095743218,0.083256354,0.030986951,0.052269403,0.026962526,7.085907059,14.55976428,0.009957295,0.305367357
2.44,0.2,12.2,0.00045,0.125,2.01,0.78,444.4444444,0.063899546,0.625192568,5.984595821,32.22756875,0.07251203,0.227965186,0.032620478,0.195344707,0.040728229,3.922313037,18.32770326,0.014502406,1.196919164
0.76,0.12,6.3,0.00054,0.066,1.2,0.49,222.2222222,0.076421583,0.628318531,3.130929558,19.23858578,0.086573636,0.090629269,0.030986951,0.059642318,0.028131062,6.79156572,15.19077349,0.010388836,0.375711547
1.22,0.24,5.1,0.0004,0.052,2.377,1.1,600,0.056415609,0.63439818,9.580853242,48.05723518,0.080095392,0.472323431,0.03464567,0.43767776,0.055271945,2.551728953,22.10877816,0.019222894,2.299404778
0.3,0.16,1.9,0.00135,0.025,1.58,0.51,118.5185185,0.154504728,0.63627193,1.622046671,10.57449414,0.089222294,0.047446633,0.040353311,0.007093321,0.032182857,12.00209863,43.44685658,0.014275567,0.259527467
1.22,0.24,5.1,0.0004,0.076,2.347,0.67,600,0.056415609,0.642507232,5.80886672,29.27122506,0.048785375,0.175228089,0.03464567,0.140582419,0.033665639,4.189405743,13.46625579,0.01170849,1.394128013
2.44,0.19,12.8,0.00047,0.052,1.823,0.44,404.2553191,0.066785464,0.654857492,3.209718744,17.77804817,0.043977277,0.071205379,0.032069345,0.039136034,0.023262712,7.177308559,10.93347457,0.008355683,0.609846561
0.76,0.12,6.3,0.0011,0.029,1.15,0.46,109.0909091,0.134889349,0.655636728,1.672615622,11.38456752,0.104358536,0.048635638,0.036746054,0.011889584,0.029412278,11.46539454,32.35350575,0.012523024,0.200713875
2.44,0.17,14.4,0.00047,0.079,1.625,0.55,361.7021277,0.066785464,0.657317848,4.023436748,22.55413286,0.062355544,0.114603245,0.032069345,0.0825339,0.029512255,5.657434851,13.87075993,0.010600442,0.683984247
0.76,0.128,5.9,0.00054,0.04,1.21,0.37,237.037037,0.076421583,0.664667537,2.355465721,14.39376672,0.060723703,0.05073073,0.030986951,0.019743778,0.021046866,9.07754879,11.36530785,0.007772634,0.301499612
2.44,0.2,12.2,0.00028,0.076,1.89,0.59,714.2857143,0.036942404,0.664887334,7.758858415,33.55293031,0.046974102,0.185883851,0.04559398,0.140289871,0.029010476,3.183539923,8.122933308,0.00939482,1.551771683
0.76,0.114,6.7,0.00054,0.053,1.05,0.38,211.1111111,0.076421583,0.682174405,2.419605697,15.03037186,0.071196498,0.055317385,0.030986951,0.024330434,0.021977724,8.693072989,11.86797081,0.008116401,0.275835049
0.76,0.12,6.3,0.00054,0.053,1.1,0.44,222.2222222,0.076421583,0.685438397,2.807675648,17.27546478,0.077739592,0.073077161,0.030986951,0.04209021,0.025260545,7.563334552,13.64069456,0.009328751,0.336921078
2.44,0.19,12.8,0.00047,0.091,1.74,0.52,404.2553191,0.066785464,0.686094947,3.801981371,21.01042056,0.051973146,0.099452141,0.032069345,0.067382796,0.027492296,6.073107242,12.92137904,0.009874898,0.72237646
2.44,0.32,7.6,0.00028,0.14,2.93,0.66,1142.857143,0.036942404,0.686218191,8.701238086,35.48369649,0.031048234,0.207892328,0.04559398,0.162298348,0.030679852,3.010314702,8.590358498,0.009935435,2.784396188
1,0.15,6.7,0.0008,0.068,1.37,0.53,187.5,0.106910212,0.687939997,2.430996078,15.57461925,0.083064636,0.075192548,0.032465344,0.042727204,0.031187991,8.569821893,24.95039302,0.012459695,0.364649412
2.44,0.18,13.6,0.00045,0.11,1.64,0.51,400,0.063899546,0.6896179,3.894018945,21.36572921,0.053414323,0.100195653,0.032620478,0.067575175,0.027001364,5.91632571,12.1506139,0.009614578,0.70092341
2.44,0.33,7.4,0.00028,0.094,2.99,0.73,1178.571429,0.036942404,0.693461924,9.639342142,39.10727036,0.033181926,0.252519987,0.04559398,0.206926007,0.03381286,2.731387085,9.467600774,0.010950036,3.180982907
0.76,0.177,4.3,0.0011,0.057,1.6,0.42,160.9090909,0.134889349,0.695077375,1.527396369,9.786596,0.060820653,0.035940562,0.036746054,0.000805492,0.025283884,13.33748306,27.81227213,0.010765256,0.270349157
0.5,0.25,2,0.00029,0.082,2.25,0.64,862.0689655,0.038635429,0.698131701,8.06550222,34.58926805,0.040123551,0.201747181,0.044194897,0.157552284,0.0264349,6.316031532,12.42440292,0.010030888,2.016375555
2.44,0.19,12.8,0.00047,0.061,1.71,0.5,404.2553191,0.066785464,0.698131701,3.653903604,20.20232747,0.049974178,0.091949095,0.032069345,0.05987975,0.030757975,3.140277283,8.919812891,0.009495094,0.694241685
2.44,0.25,9.8,0.00045,0.094,2.24,1.01,555.5555556,0.063899546,0.70124836,7.767685863,40.54940693,0.072988932,0.36089632,0.032620478,0.328275842,0.051245118,3.117348012,23.06030291,0.018247233,1.941921466
2.44,0.29,8.4,0.00027,0.122,2.59,0.64,1074.074074,0.035240343,0.703522679,8.834596957,35.68161146,0.033220811,0.205680496,0.047119159,0.158561337,0.029966322,2.93999568,8.090907043,0.009634035,2.562033118
0.76,0.12,6.3,0.0011,0.035,1.07,0.41,109.0909091,0.134889349,0.704656296,1.489639792,10.14711453,0.093015217,0.038637291,0.036746054,0.001891237,0.026215291,12.86361339,28.83682035,0.011161826,0.178756775
0.36,0.192,1.9,0.00053,0.057,1.71,0.68,362.2641509,0.075087776,0.705480456,4.439678788,25.32441975,0.06990595,0.155285341,0.031074975,0.124210367,0.036480281,5.145778364,19.33454894,0.013421942,0.852418327
2.44,0.19,12.8,0.00047,0.061,1.692,0.49,404.2553191,0.066785464,0.705558634,3.579867459,19.79828092,0.048974695,0.088307911,0.032069345,0.056238566,0.025906202,6.444930134,12.17591486,0.009305192,0.680174817
2.44,0.2,12.2,0.00028,0.061,1.77,0.58,714.2857143,0.036942404,0.709964441,7.625009302,32.98423658,0.046177931,0.179636103,0.04559398,0.134042123,0.028518773,3.238428543,7.985256472,0.009235586,1.52500186
2.44,0.19,12.8,0.00045,0.094,1.68,0.54,422.2222222,0.063899546,0.710598338,4.126491682,22.4617931,0.053198984,0.110739431,0.032620478,0.078118952,0.028386537,5.62762788,12.77394152,0.010107807,0.78403342
0.61,0.16,15.3,0.00033,0.046,1.4,0.72,484.8484848,0.045295113,0.718078321,7.761188285,37.69807833,0.077752287,0.258960021,0.039650623,0.219309398,0.037173062,3.046232308,12.26711059,0.012440366,1.241790126
2.44,0.19,12.8,0.00047,0.088,1.661,0.51,404.2553191,0.066785464,0.718726796,3.727941608,20.60637402,0.050973662,0.095663839,0.032069345,0.063594494,0.026963598,6.192187776,12.67289098,0.009684996,0.708308906
2.44,0.34,1.8,0.00027,0.134,2.96,0.65,1259.259259,0.035240343,0.721717231,8.976760701,35.57671707,0.028252099,0.204472982,0.047119159,0.157353823,0.029878229,2.948663962,8.067121943,0.009605714,3.052098638
0.76,0.11,6.9,0.0011,0.022,0.95,0.45,100,0.134889349,0.72752672,1.635720515,11.29416419,0.112941642,0.047866287,0.036746054,0.011120232,0.029178719,11.55716848,32.09659088,0.012423581,0.179929257
2.44,0.27,9,0.00028,0.082,2.32,0.66,964.2857143,0.036942404,0.731232773,8.699386569,36.19840622,0.037539088,0.21635137,0.04559398,0.17075739,0.031297803,2.950878349,8.763384802,0.010135554,2.348834374
2.44,0.16,15.3,0.00019,0.04,1.37,0.55,842.1052632,0.021523872,0.733802664,12.29364528,41.80843528,0.049647517,0.228699872,0.066036224,0.162663648,0.026507256,2.029998156,5.036378624,0.007943603,1.966983245
2.44,0.14,17.4,0.00093,0.037,1.19,0.57,150.5376344,0.119772555,0.739198271,2.336342371,15.3448189,0.10193344,0.079891254,0.034251084,0.04564017,0.0346614,8.638756283,32.23510215,0.014270682,0.327087932
2.44,0.33,7.4,0.00027,0.11,2.8,0.63,1222.222222,0.035240343,0.740518268,8.695617716,34.60074988,0.028309704,0.193408347,0.047119159,0.146289188,0.018117332,10.54536914,9.783359417,0.009342202,2.869553846
0.76,0.165,4.6,0.00054,0.044,1.4,0.33,305.5555556,0.076421583,0.740518268,2.097862004,12.39028411,0.040550021,0.037591073,0.030986951,0.006604122,0.029058587,3.031835549,7.845818601,0.006690753,0.346147231
0.76,0.107,7.1,0.00054,0.039,0.9,0.43,198.1481481,0.076421583,0.74700092,2.742467848,17.16533197,0.086628778,0.072148383,0.030986951,0.041161432,0.025099507,7.611860924,13.55373377,0.009269279,0.29344406
2.44,0.2,12.2,0.00047,0.104,1.676,0.48,425.5319149,0.066785464,0.74978345,3.506102786,19.26363338,0.045269538,0.083602845,0.032069345,0.0515335,0.025206611,6.623804284,11.84710738,0.009053908,0.701220557
0.61,0.16,3.8,0.00033,0.043,1.34,0.77,484.8484848,0.045295113,0.750231081,8.307166114,40.31600044,0.083151751,0.296175533,0.039650623,0.25652491,0.039754525,2.848425015,13.11899327,0.01330428,1.329146578
0.76,0.15,5.1,0.00054,0.066,1.25,0.43,277.7777778,0.076421583,0.753982237,2.744073831,16.35891583,0.058892097,0.065528651,0.030986951,0.034541699,0.023920348,7.987089183,12.91698817,0.008833815,0.411611075
1,0.152,6.6,0.00055,0.0657,1.26,0.587,276.3636364,0.077741672,0.757971561,3.696319004,22.02203233,0.079684985,0.120065529,0.03091715,0.089148379,0.032677252,5.947690489,17.97248845,0.012112118,0.561840489
1.22,0.3,4.1,0.0004,0.101,2.469,0.77,750,0.056415609,0.763449005,6.687872851,32.72281597,0.043630421,0.218989487,0.03464567,0.184343817,0.037635409,3.747508726,15.05416357,0.013089126,2.006361855
2.44,0.16,15.3,0.00047,0.073,1.314,0.59,340.4255319,0.066785464,0.765075836,4.319183678,24.3928101,0.07165388,0.134050463,0.032069345,0.101981118,0.031918178,5.230989654,15.00154384,0.011464621,0.691069388
2.44,0.19,12.8,0.00019,0.055,1.55,0.51,1000,0.021523872,0.770196909,11.37945498,37.98138635,0.037981386,0.188746853,0.066036224,0.122710629,0.024080842,2.234543145,4.575359996,0.007216463,2.162096446
0.36,0.199,1.8,0.00053,0.07,1.62,0.66,375.4716981,0.075087776,0.77182338,4.308177364,24.46209935,0.065150315,0.144890165,0.031074975,0.11381519,0.035238093,5.327173657,18.6761893,0.012964913,0.857327295
2.44,0.28,8.7,0.00093,0.098,2.26,0.92,301.0752688,0.119772555,0.778447737,3.784234171,22.40604397,0.074420075,0.170335853,0.034251084,0.136084769,0.050611536,5.916267541,47.06872861,0.020837621,1.059585568
0.76,0.137,5.5,0.00054,0.062,1.1,0.48,253.7037037,0.076421583,0.78254217,3.066969421,18.49428136,0.072897167,0.083752371,0.030986951,0.05276542,0.027042725,7.06489304,14.60307126,0.009986912,0.420174811
1.22,0.31,3.9,0.0004,0.088,2.469,0.87,775,0.056415609,0.788897305,7.565587362,36.82498628,0.047516111,0.277336554,0.03464567,0.242690884,0.042353428,3.330049806,16.94137104,0.014729995,2.345332082
0.3,0.15,2,0.00135,0.013,1.19,0.5,111.1111111,0.154504728,0.791998148,1.589881732,10.47379042,0.094264114,0.046547242,0.040353311,0.006193931,0.031876371,12.11749677,43.03310063,0.014139617,0.23848226
0.76,0.19,4,0.00054,0.047,1.5,0.34,351.8518519,0.076421583,0.795870139,2.163013292,12.52325457,0.035592408,0.038402244,0.030986951,0.007415293,0.018311764,10.43339964,9.888352796,0.006762557,0.410972525
1.22,0.24,5.1,0.0004,0.082,1.89,0.6,600,0.056415609,0.797864801,5.194985663,26.21303737,0.043688396,0.140525979,0.03464567,0.105880309,0.030148334,4.678169747,12.05933354,0.010485215,1.246796559
2.44,0.2,12.2,0.00047,0.088,1.561,0.51,425.5319149,0.066785464,0.805020539,3.72822597,20.46761046,0.048098885,0.094379774,0.032069345,0.062310429,0.026782025,6.234168738,12.58755159,0.009619777,0.745645194
0.36,0.2,1.8,0.00053,0.068,1.56,0.66,377.3584906,0.075087776,0.805536578,4.308209184,24.44574362,0.064781221,0.144696478,0.031074975,0.113621503,0.035214532,5.330737868,18.66370212,0.012956244,0.861641837
2.44,0.23,10.6,0.00047,0.082,1.789,0.62,489.3617021,0.066785464,0.807787938,4.543700674,24.43386666,0.049930075,0.134502094,0.032069345,0.102432749,0.031971901,5.222199952,15.02679356,0.011483917,1.045051155
0.36,0.206,1.7,0.00053,0.064,1.59,0.68,388.6792453,0.075087776,0.814047908,4.440138761,25.08760829,0.064545788,0.152394739,0.031074975,0.121319764,0.03613915,5.194351319,19.15374943,0.013296432,0.914668585
1,0.152,6.6,0.0005,0.048,1.172,0.501,304,0.071001967,0.814884101,3.44507553,20.01927732,0.065852886,0.093705423,0.031462566,0.062242857,0.027524686,6.448935241,13.76234307,0.010009639,0.523651481
2.44,0.31,2,0.00028,0.104,2.38,0.64,1107.142857,0.036942404,0.818398086,8.433013708,34.53585526,0.031193676,0.196934218,0.04559398,0.151340238,0.029860331,3.092933196,8.360892668,0.009670039,2.614234249
2.44,0.3,8.1,0.00045,0.158,2.29,0.52,666.6666667,0.063899546,0.823124713,3.974268184,20.40502636,0.03060754,0.091387703,0.032620478,0.058767225,0.025787257,6.194876243,11.60426562,0.009182262,1.192280455
2.44,0.32,1.9,0.00019,0.198,2.44,0.6,1684.210526,0.021523872,0.824024303,13.4540518,42.09372026,0.024993146,0.231831644,0.066036224,0.16579542,0.026688131,2.016240094,5.070744971,0.007997807,4.305296576
0.61,0.16,15.3,0.00033,0.046,1.22,0.63,484.8484848,0.045295113,0.824024303,6.778555596,32.98581854,0.068033251,0.198266266,0.039650623,0.158615643,0.03252643,3.481408352,10.73372177,0.01088532,1.084568895
1.22,0.3,4.1,0.0004,0.079,2.286,0.89,750,0.056415609,0.824565001,7.740770802,37.8224756,0.050429967,0.292564637,0.03464567,0.257918966,0.043500667,3.242226651,17.40026698,0.01512899,2.322231241
2.44,0.18,13.6,0.00093,0.058,1.37,0.65,193.5483871,0.119772555,0.825527997,2.667477756,16.85453752,0.087081777,0.096384985,0.034251084,0.062133901,0.038071604,7.864953311,35.40659178,0.01567472,0.480145996
0.3,0.1,3,0.0003,0.03,0.76,0.6,333.3333333,0.040318188,0.826734909,7.232118434,35.62712113,0.106881363,0.218433953,0.042910439,0.175523514,0.032551853,3.096458769,9.765555782,0.010688136,0.723211843
0.76,0.11,6.9,0.0011,0.027,0.83,0.5,100,0.134889349,0.832711306,1.818667918,12.54907132,0.125490713,0.059094181,0.036746054,0.022348127,0.032420799,10.40145163,35.66287875,0.013803978,0.200053471
0.3,0.15,2,0.00135,0.032,1.13,0.52,111.1111111,0.154504728,0.834051147,1.653787194,10.89274204,0.098034678,0.050345497,0.040353311,0.009992185,0.033151426,11.6514392,44.75442466,0.014705202,0.248068079
0.3,0.1,3,0.0003,0.015,0.75,0.8,333.3333333,0.040318188,0.837758041,9.683857024,47.50282817,0.142508485,0.388327028,0.042910439,0.345416589,0.022604884,8.451888288,12.20663749,0.014250848,0.968385702
0.76,0.16,4.8,0.00054,0.054,1.2,0.41,296.2962963,0.076421583,0.837758041,2.61502227,15.45928143,0.052175075,0.058519525,0.030986951,0.027532574,0.04340247,2.322344077,13.02074104,0.008348012,0.418403563
1.22,0.3,4.1,0.0004,0.052,2.225,1.12,750,0.056415609,0.847171053,9.759053641,47.59682322,0.063462431,0.463316602,0.03464567,0.428670931,0.054742413,2.576412249,21.89696519,0.019038729,2.927716092
2.44,0.18,13.6,0.00047,0.076,1.32,0.47,382.9787234,0.066785464,0.856797996,3.431518644,19.12687435,0.049942394,0.082420009,0.032069345,0.050350664,0.025027661,6.671165134,11.76300077,0.008989631,0.617673356
2.44,0.19,12.8,0.00047,0.076,1.39,0.44,404.2553191,0.066785464,0.858852668,3.209718744,17.77804817,0.043977277,0.071205379,0.032069345,0.039136034,0.023262712,7.177308559,10.93347457,0.008355683,0.609846561
0.36,0.194,1.9,0.00053,0.062,1.41,0.68,366.0377358,0.075087776,0.864495,4.439747044,25.28927162,0.069089247,0.154854595,0.031074975,0.12377962,0.03642965,5.15293019,19.30771425,0.013403314,0.861310927
0.61,0.16,15.3,0.00033,0.04,1.16,0.57,484.8484848,0.045295113,0.866646249,6.123587486,29.84431201,0.061553894,0.162299596,0.039650623,0.122648973,0.029428674,3.847872389,9.71146255,0.009848623,0.979773998
1.22,0.3,4.1,0.0004,0.076,2.164,0.99,750,0.056415609,0.871051568,8.618256037,42.07219196,0.056096256,0.36200303,0.03464567,0.32735736,0.048388383,2.914729009,19.35535316,0.016828877,2.585476811
0.36,0.208,1.7,0.00053,0.069,1.5,0.67,392.4528302,0.075087776,0.871268363,4.374328708,24.68698158,0.062904328,0.147566386,0.031074975,0.116491411,0.03556204,5.278646595,18.84788115,0.0130841,0.909860371
0.61,0.19,12.8,0.00032,0.04,1.37,0.55,593.75,0.043648854,0.871390663,6.126680161,28.76261952,0.048442307,0.147990144,0.040646578,0.107343566,0.027672373,3.943360307,8.855159203,0.009204038,1.164069231
1,0.2,5,0.0008,0.077,1.44,0.53,250,0.106910212,0.872664626,2.432183364,14.94223659,0.059768946,0.069210365,0.032465344,0.036745022,0.029921652,8.932512357,23.93732198,0.011953789,0.486436673
1.5,0.1,15,0.00082,0.0409,0.7176,0.594,121.9512195,0.108975174,0.875583237,2.673405414,18.2700608,0.149814499,0.105015699,0.032723529,0.072292171,0.037315482,7.30093579,30.5986949,0.01498145,0.267340541
0.36,0.207,1.7,0.00053,0.069,1.47,0.67,390.5660377,0.075087776,0.884775074,4.374297991,24.70277879,0.063248661,0.147755302,0.031074975,0.116680327,0.035584796,5.275270946,18.85994191,0.013092473,0.905479684
0.61,0.25,2.4,0.00054,0.061,1.768,0.9,462.962963,0.076421583,0.888459461,5.788780887,31.96850293,0.069051966,0.250245794,0.030986951,0.219258843,0.046745013,4.087151655,25.24230691,0.017262992,1.447195222
2.44,0.28,8.7,0.00047,0.125,1.98,0.64,595.7446809,0.066785464,0.888531256,4.693102545,24.59825196,0.041289923,0.136317979,0.032069345,0.104248634,0.032187001,5.187301012,15.12789029,0.011561178,1.314068713
0.76,0.148,5.1,0.0011,0.076,1.03,0.45,134.5454545,0.134889349,0.902826627,1.636709028,10.77583132,0.080090638,0.043573567,0.036746054,0.006827513,0.027839595,12.11308478,30.6235542,0.011853414,0.242232936
1.5,0.2,7.5,0.00077,0.071,1.39,0.49,259.7402597,0.103748114,0.90405544,2.315131843,14.16702654,0.054543052,0.060804789,0.032095936,0.028708853,0.026534296,10.07283308,21.22743647,0.01090861,0.463026369
1,0.2,5,0.0008,0.07,1.39,0.47,250,0.106910212,0.90405544,2.154759205,13.25066264,0.053002651,0.05442709,0.032465344,0.021961747,0.027514984,9.426510485,21.18653764,0.01060053,0.430951841
0.61,0.18,13.6,0.00032,0.064,1.25,0.6,562.5,0.043648854,0.904778684,6.692617274,31.59225461,0.056164008,0.17854067,0.040646578,0.137894092,0.03039475,3.590163903,9.726320093,0.010109521,1.204671109
1.5,0.2,7.5,0.00077,0.071,1.38,0.485,259.7402597,0.103748114,0.910606566,2.291307826,14.02246504,0.05398649,0.059570206,0.032095936,0.02747427,0.027234219,9.523691005,20.97034848,0.010797298,0.458261565
0.76,0.162,4.7,0.0011,0.047,1.1,0.46,147.2727273,0.134889349,0.925341836,1.673609315,10.86343217,0.073764046,0.044284899,0.036746054,0.007538845,0.028065913,12.01540695,30.87250477,0.011949775,0.271124709
0.6,0.15,4,0.00043,0.0482,1.01,0.75,348.8372093,0.060952427,0.933146333,6.025714513,33.18511026,0.095130649,0.235208784,0.033309277,0.201899507,0.040440452,3.768035687,17.38939454,0.014269597,0.903857177
0.76,0.149,5.1,0.0011,0.028,1,0.44,135.4545455,0.134889349,0.936194611,1.60011956,10.52540603,0.07770434,0.041571841,0.036746054,0.004825787,0.027192616,12.40128485,29.9118771,0.011577947,0.238417814
0.6,0.19,3.2,0.00043,0.0722,1.269,0.8,441.8604651,0.060952427,0.940744845,6.433594112,34.30432431,0.077636102,0.251341814,0.033309277,0.218032537,0.041804363,3.645099627,17.97587609,0.014750859,1.222382881
2.44,0.2,12.2,0.00047,0.085,1.332,0.49,425.5319149,0.066785464,0.943421217,3.580141905,19.66495907,0.046212654,0.087122583,0.032069345,0.055053238,0.025731749,6.488624605,12.09392211,0.009242531,0.716028381
0.36,0.206,1.7,0.00053,0.069,1.35,0.67,388.6792453,0.075087776,0.958767536,4.374267086,24.71867288,0.063596586,0.147945498,0.031074975,0.116870524,0.035607692,5.271878951,18.87207665,0.013100897,0.90109902
0.61,0.27,2.3,0.00054,0.058,1.768,0.86,500,0.076421583,0.959536218,5.530378843,30.24543252,0.060490865,0.223996786,0.030986951,0.193009835,0.044225503,4.31999508,23.88177176,0.016332534,1.493202288
0.6,0.15,4,0.00043,0.0549,0.98,0.6,348.8372093,0.060952427,0.961712037,4.808863226,26.5480882,0.07610452,0.150533621,0.033309277,0.117224345,0.032352362,4.710044609,13.91151564,0.011415678,0.721329484
0.6,0.15,4,0.00043,0.0505,0.979,0.75,348.8372093,0.060952427,0.962694378,6.025714513,33.18511026,0.095130649,0.235208784,0.033309277,0.201899507,0.040440452,3.768035687,17.38939454,0.014269597,0.903857177
0.61,0.16,3.8,0.00033,0.037,1.04,0.67,484.8484848,0.045295113,0.966643893,7.215258205,35.08015622,0.072352822,0.224242194,0.039650623,0.184591571,0.0345916,3.273563077,11.41522791,0.011576452,1.154441313
0.36,0.219,1.6,0.000503,0.056,1.42,0.6,435.387674,0.071416346,0.969026466,4.112848104,22.73885448,0.052226684,0.121328796,0.031414705,0.089914091,0.031413834,5.68351075,15.80115858,0.011437644,0.900713735
2.44,0.23,10.6,0.00027,0.061,1.49,0.56,851.8518519,0.035240343,0.969887665,7.709261876,32.09219177,0.037673443,0.166380701,0.047119159,0.119261541,0.026951837,3.268825772,7.276995904,0.008664892,1.773130231
0.76,0.155,4.9,0.0011,0.046,1,0.5,140.9090909,0.134889349,0.973893723,1.819925879,11.88817538,0.084367696,0.053033703,0.036746054,0.016287649,0.03071336,10.97969656,33.78469582,0.013076993,0.282088511
0.61,0.2,12.2,0.00032,0.07,1.28,0.61,625,0.043648854,0.981747704,6.806920355,31.69586286,0.050713381,0.179713655,0.040646578,0.139067077,0.030494431,3.578428284,9.758218006,0.010142676,1.361384071
1.5,0.155,9.7,0.0021,0.018,0.99,0.63,73.80952381,0.201935551,0.983731033,1.535043888,9.913899727,0.134317351,0.054363393,0.049920368,0.004443025,0.042965308,11.74991859,90.22714776,0.020819189,0.237931803
2.44,0.21,11.6,0.00045,0.061,1.34,0.43,466.6666667,0.063899546,0.984678294,3.2758409,17.65404111,0.037830088,0.068407183,0.032620478,0.035786705,0.022310645,7.160208378,10.03979013,0.007944318,0.687926589
0.61,0.22,2.8,0.00054,0.107,1.402,0.53,407.4074074,0.076421583,0.985949192,3.392822495,19.14365817,0.046988979,0.089737104,0.030986951,0.058750153,0.027992257,6.82524304,15.11581871,0.010337575,0.746420949
0.61,0.22,11.1,0.00032,0.055,1.4,0.57,687.5,0.043648854,0.987357691,6.354553306,29.26880738,0.042572811,0.15324488,0.040646578,0.112598302,0.028159373,3.875162068,9.010999461,0.009366018,1.398001727
2.44,0.25,9.8,0.00047,0.098,1.588,0.53,531.9148936,0.066785464,0.989166453,3.87755496,20.66487855,0.038849972,0.096207817,0.032069345,0.064138472,0.027040151,6.174657013,12.70887119,0.009712493,0.96938874
2.7,0.21,12.9,0.00081,0.076,1.33,0.5,259.2592593,0.107946898,0.992081891,2.271802964,13.88577803,0.05355943,0.06021676,0.03259338,0.027623379,0.028083822,9.609348978,22.74789573,0.01124748,0.477078622
0.6,0.15,4,0.00043,0.0497,0.945,0.75,348.8372093,0.060952427,0.997331001,6.025714513,33.18511026,0.095130649,0.235208784,0.033309277,0.201899507,0.040440452,3.768035687,17.38939454,0.014269597,0.903857177
2.44,0.17,14.4,0.00093,0.04,1.07,0.62,182.7956989,0.119772555,0.998263086,2.543444036,16.21232751,0.088690968,0.089179789,0.034251084,0.054928705,0.036620958,8.176503377,34.05749113,0.015077465,0.432385486
2.44,0.28,8.7,0.00047,0.131,1.762,0.65,595.7446809,0.066785464,0.998463045,4.767195187,24.98259965,0.041935078,0.140611197,0.032069345,0.108541852,0.032689923,5.107496381,15.36426358,0.011741822,1.334814652
2.44,0.2,12.2,0.00047,0.085,1.256,0.49,425.5319149,0.066785464,1.000507215,3.580141905,19.66495907,0.046212654,0.087122583,0.032069345,0.055053238,0.025731749,6.488624605,12.09392211,0.009242531,0.716028381
1,0.153,6.5,0.0005,0.036,0.954,0.454,306,0.071001967,1.007680662,3.117920958,18.12489717,0.05923169,0.076810225,0.031462566,0.045347659,0.024920086,7.122965822,12.46004283,0.009062449,0.477041907
1.5,0.201,7.5,0.00077,0.069,1.25,0.488,261.038961,0.103748114,1.010336197,2.30562085,14.0993301,0.054012359,0.060225072,0.032095936,0.028129136,0.027383505,9.471770876,21.08529881,0.010856484,0.463429791
2.717,0.19,14.3,0.00081,0.067,1.18,0.84,234.5679012,0.107946898,1.011699329,3.82839417,23.66062476,0.100868979,0.174835395,0.03259338,0.142242015,0.047853334,5.639465918,38.7612004,0.019165106,0.727394892
2.44,0.29,8.4,0.00047,0.082,1.8,0.62,617.0212766,0.066785464,1.012290966,4.5451317,23.72488127,0.03845067,0.126809778,0.032069345,0.094740433,0.031044188,5.378258202,14.59076854,0.011150694,1.318088193
2.44,0.31,7.9,0.00093,0.091,1.92,0.85,333.3333333,0.119772555,1.014472628,3.495731446,20.41545439,0.061246363,0.141414455,0.034251084,0.107163371,0.046115125,6.493127614,42.88706581,0.018986373,1.083676748
0.6,0.15,4,0.00043,0.0481,0.92,0.6,348.8372093,0.060952427,1.024432387,4.808863226,26.5480882,0.07610452,0.150533621,0.033309277,0.117224345,0.032352362,4.710044609,13.91151564,0.011415678,0.721329484
0.6,0.15,4,0.00043,0.0475,0.92,0.6,348.8372093,0.060952427,1.024432387,4.808863226,26.5480882,0.07610452,0.150533621,0.033309277,0.117224345,0.032352362,4.710044609,13.91151564,0.011415678,0.721329484
0.61,0.25,2.4,0.00054,0.079,1.524,0.59,462.962963,0.076421583,1.030706251,3.781825564,20.9571297,0.0452674,0.107543902,0.030986951,0.076556951,0.030643953,6.234638118,16.54773453,0.01131685,0.945456391
1.22,0.24,5.1,0.0004,0.061,1.463,0.95,600,0.056415609,1.030734432,8.26491713,41.50397583,0.069173293,0.352290823,0.03464567,0.317645153,0.047734862,2.954633524,19.09394478,0.01660159,1.983580111
2.44,0.27,9,0.00047,0.079,1.634,0.64,574.4680851,0.066785464,1.038225234,4.692874917,24.71124465,0.04301587,0.137573215,0.032069345,0.105503871,0.032334852,5.163581969,15.19738063,0.011614285,1.267076228
2.44,0.21,11.6,0.00045,0.046,1.26,0.44,466.6666667,0.063899546,1.047197551,3.353214747,18.06460021,0.038709858,0.07162591,0.032620478,0.039005431,0.022829497,6.997476369,10.27327362,0.00812907,0.704175097
1,0.151,6.6,0.00055,0.0448,0.906,0.433,274.5454545,0.077741672,1.047197551,2.717151673,16.2594678,0.059223227,0.065450987,0.03091715,0.034533837,0.024126507,8.055628501,13.26957898,0.008942707,0.410289903
2.44,0.27,9,0.00047,0.088,1.615,0.65,574.4680851,0.066785464,1.050439649,4.766964283,25.09735785,0.043687993,0.141905966,0.032069345,0.109836621,0.032840084,5.084142246,15.43483971,0.011795758,1.287080356
0.61,0.22,2.8,0.00054,0.052,1.311,1.02,407.4074074,0.076421583,1.05438655,6.564580932,36.84251194,0.09043162,0.33236911,0.030986951,0.301382159,0.053871891,3.546449815,29.09082092,0.019894956,1.444207805
0.61,0.17,14.4,0.00032,0.034,1.01,0.43,531.25,0.043648854,1.057565844,4.766906295,22.80620572,0.042929328,0.093042634,0.040646578,0.052396055,0.021941737,4.973267957,7.021355698,0.007297986,0.81037407
2.44,0.17,14.4,0.00093,0.024,1.01,0.56,182.7956989,0.119772555,1.057565844,2.29591365,14.64339259,0.080107971,0.072754375,0.034251084,0.038503291,0.033076995,9.05255731,30.7616049,0.013618355,0.390305321
0.6,0.15,4,0.00043,0.0564,0.89,0.75,348.8372093,0.060952427,1.058963816,6.025714513,33.18511026,0.095130649,0.235208784,0.033309277,0.201899507,0.040440452,3.768035687,17.38939454,0.014269597,0.903857177
2.44,0.34,7.2,0.00093,0.104,2.01,0.78,365.5913978,0.119772555,1.062827365,3.207087908,18.50236838,0.050609419,0.116152978,0.034251084,0.081901894,0.041793781,7.164496347,38.86821596,0.017207203,1.090409889
2.44,0.32,7.6,0.00028,0.082,1.89,0.57,1142.857143,0.036942404,1.063819735,7.495884923,30.6450106,0.026814384,0.155060187,0.04559398,0.109466207,0.026496236,3.485627549,7.418945976,0.008580603,2.398683175
2.44,0.31,7.9,0.00027,0.085,1.83,0.58,1148.148148,0.035240343,1.064364724,7.993044624,32.08597729,0.027945851,0.166316269,0.047119159,0.11919711,0.026946618,3.269458885,7.275586752,0.008663214,2.477843833
2.44,0.28,8.7,0.00019,0.055,1.65,0.61,1473.684211,0.021523872,1.066237507,13.68122645,43.44031729,0.029477358,0.246901694,0.066036224,0.180865471,0.027541897,1.953739103,5.23296038,0.00825366,3.830743406
0.61,0.22,2.8,0.00054,0.055,1.28,0.89,407.4074074,0.076421583,1.079922475,5.723012592,32.14689767,0.078906022,0.253046494,0.030986951,0.222059543,0.047005865,4.064470575,25.38316728,0.017359325,1.25906277
2.44,0.27,9,0.00047,0.088,1.561,0.67,574.4680851,0.066785464,1.086777728,4.915145735,25.86958424,0.045032239,0.150772989,0.032069345,0.118703644,0.033850549,4.932376806,15.90975785,0.012158705,1.327089348
1.22,0.24,5.1,0.0004,0.067,1.372,0.53,600,0.056415609,1.099099471,4.581195806,23.15484968,0.038591416,0.109649299,0.03464567,0.075003629,0.026631028,5.296041223,10.6524113,0.00926194,1.099486993
0.76,0.14,5.4,0.0011,0.036,0.8,0.48,127.2727273,0.134889349,1.099557429,1.746351632,11.59386562,0.091094658,0.050440347,0.036746054,0.013694293,0.029953004,11.25841567,32.94830457,0.012753252,0.244489228
2.44,0.28,8.7,0.00093,0.085,1.59,0.67,301.0752688,0.119772555,1.106472884,2.751975918,16.31744506,0.054197228,0.090339986,0.034251084,0.056088903,0.036858401,8.123830057,34.27831322,0.015175224,0.770553257
0.61,0.15,4.1,0.00033,0.018,0.85,0.53,454.5454545,0.045295113,1.108797407,5.686456165,27.98307866,0.061562773,0.142687288,0.039650623,0.103036665,0.027593362,4.103805215,9.105809522,0.009234416,0.852968425
1,0.152,6.6,0.0005,0.042,0.86,0.47,304,0.071001967,1.110516473,3.229266538,18.78055957,0.061778156,0.082467911,0.031462566,0.051005345,0.025821562,6.874290545,12.91078093,0.00939028,0.490848514
0.61,0.23,2.7,0.00054,0.049,1.28,0.79,425.9259259,0.076421583,1.12900986,5.07599997,28.36838234,0.066604028,0.197056757,0.030986951,0.166069806,0.041480841,4.605836107,22.39965428,0.015318926,1.167479993
2.44,0.28,2.2,0.00027,0.052,1.55,0.56,1037.037037,0.035240343,1.135027023,7.711305975,31.35018554,0.030230536,0.158775841,0.047119159,0.111656682,0.026328681,3.346193387,7.108743877,0.00846455,2.159165673
2.44,0.32,7.6,0.00093,0.094,1.77,0.82,344.0860215,0.119772555,1.135943106,3.371998672,19.61046311,0.056992908,0.130482239,0.034251084,0.096231156,0.044296783,6.759664468,41.19600797,0.018237731,1.079039575
0.61,0.16,3.8,0.00035,0.041,0.88,0.49,457.1428571,0.04854633,1.142397329,4.903583194,24.6632582,0.053950877,0.114822675,0.037896053,0.076926622,0.029799803,10.04809961,27.71381674,0.00863214,0.784573311
2.44,0.16,15.3,0.00093,0.006,0.88,0.5,172.0430108,0.119772555,1.142397329,2.048167727,13.19255937,0.076681751,0.059051892,0.034251084,0.024800808,0.032779783,9.134636013,30.48519841,0.01226908,0.327706836
2.44,0.16,15.3,0.00093,0.018,0.88,0.55,172.0430108,0.119772555,1.142397329,2.25441507,14.5118153,0.084349926,0.071452789,0.034251084,0.037201706,0.025491938,4.760949248,8.922178461,0.013495988,0.360706411
0.3,0.16,1.9,0.00135,0.013,0.88,0.57,118.5185185,0.154504728,1.142397329,1.813789191,11.81855227,0.099719035,0.059267247,0.040353311,0.018913936,0.035969075,10.73871983,48.55825147,0.015955046,0.290206271
0.6,0.15,4,0.00043,0.0458,0.824,0.5,348.8372093,0.060952427,1.143783733,3.997798235,22.12340684,0.063420433,0.104537237,0.033309277,0.07122796,0.026960302,5.652053531,11.5929297,0.009513065,0.599669735
2.44,0.41,6,0.00047,0.107,2.219,0.61,872.3404255,0.066785464,1.160931039,4.473005227,22.37246012,0.025646479,0.112764431,0.032069345,0.080695086,0.029274535,5.703375337,13.75903144,0.010515056,1.833932143
2.44,0.27,9,0.00093,0.07,1.46,0.95,290.3225806,0.119772555,1.161958927,3.907890741,23.25298006,0.080093598,0.183456431,0.034251084,0.149205347,0.052524624,5.700781161,48.84790056,0.021625271,1.0551305
2.44,0.34,7.2,0.00047,0.125,1.823,0.5,723.4042553,0.066785464,1.171850249,3.656878518,18.75944148,0.025932169,0.0792838,0.032069345,0.047214455,0.024546872,6.801830289,11.53703007,0.008816937,1.243338696
1.5,0.1,15,0.00082,0.037,0.533,0.475,121.9512195,0.108975174,1.178834016,2.134262288,14.60989711,0.119801156,0.067153485,0.032723529,0.034429957,0.029839821,9.130012336,24.46865333,0.011980116,0.213426229
0.3,0.16,1.9,0.00135,0.019,0.85,0.53,118.5185185,0.154504728,1.182717234,1.685960538,10.98918018,0.092721208,0.051240904,0.040353311,0.010887592,0.03344493,11.54918925,45.15065488,0.014835393,0.269753686
0.6,0.15,4,0.00043,0.0432,0.794,0.5,348.8372093,0.060952427,1.186999743,3.997798235,22.12340684,0.063420433,0.104537237,0.033309277,0.07122796,0.026960302,5.652053531,11.5929297,0.009513065,0.599669735
0.61,0.26,2.3,0.00054,0.073,1.341,0.69,481.4814815,0.076421583,1.218216391,4.429422748,24.38500004,0.050645769,0.145602124,0.030986951,0.114615173,0.035656256,5.358216914,19.25437849,0.0131679,1.151649914
1.5,0.26,5.8,0.0013,0.057,1.34,0.7,200,0.150787733,1.219125507,2.286090746,13.81824771,0.069091239,0.079205965,0.039646905,0.039559061,0.040804272,9.238477168,53.04555336,0.017963722,0.594383594
1.5,0.1,15,0.00082,0.0302,0.5146,0.752,121.9512195,0.108975174,1.220984319,3.389288175,23.12977395,0.189664146,0.168312752,0.032723529,0.135589223,0.047241148,5.766962579,38.73774169,0.018966415,0.338928818
2.44,0.37,6.6,0.00047,0.098,1.902,0.47,787.2340426,0.066785464,1.222281053,3.434997979,17.45274867,0.022169708,0.068623413,0.032069345,0.036554068,0.022837055,7.311085473,10.73341584,0.008202792,1.270949252
0.6,0.19,3.2,0.00043,0.0645,0.965,0.5,441.8604651,0.060952427,1.237103843,3.999244227,21.44020269,0.048522564,0.098180396,0.033309277,0.064871119,0.026127727,5.832159403,11.23492256,0.009219287,0.759856403
2.44,0.29,8.4,0.00045,0.094,1.47,0.48,644.4444444,0.063899546,1.239539959,3.664405413,18.91490868,0.02935072,0.07852753,0.032620478,0.045907052,0.023904091,6.68290898,10.75684102,0.008511709,1.06267757
0.6,0.15,4,0.00043,0.0475,0.76,0.6,348.8372093,0.060952427,1.240102363,4.808863226,26.5480882,0.07610452,0.150533621,0.033309277,0.117224345,0.032352362,4.710044609,13.91151564,0.011415678,0.721329484
0.3,0.15,2,0.00135,0.019,0.76,0.58,111.1111111,0.154504728,1.240102363,1.845505442,12.14959689,0.109346372,0.062633969,0.040353311,0.022280657,0.03697659,10.44611791,49.91839673,0.016401956,0.276825816
0.36,0.224,1.6,0.0005,0.061,1.13,0.59,448,0.071001967,1.245516379,4.067095552,22.38347236,0.049963108,0.117144757,0.031462566,0.085682191,0.030775239,5.767783523,15.38761968,0.011191736,0.911029404
0.44,0.1,4.4,0.00074,0.0165,0.5,0.432,135.1351351,0.100504488,1.256637061,2.101295691,14.19571078,0.10504826,0.059612763,0.031753541,0.027859222,0.026707946,9.407732665,19.76388028,0.010504826,0.210129569
0.6,0.15,4,0.00043,0.0502,0.74,0.5,348.8372093,0.060952427,1.273618643,3.997798235,22.12340684,0.063420433,0.104537237,0.033309277,0.07122796,0.026960302,5.652053531,11.5929297,0.009513065,0.599669735
0.6,0.174,3.4,0.00036,0.0326,0.841,0.649,483.3333333,0.050150352,1.299969374,6.317140219,31.70852557,0.065603846,0.193027653,0.037125741,0.155901912,0.033520927,3.740227089,12.06753385,0.011415069,1.099182398
1.5,0.301,5,0.00077,0.087,1.45,0.588,390.9090909,0.103748114,1.304302605,2.783833925,16.07777043,0.04112918,0.078312667,0.032095936,0.046216731,0.031226002,8.306227829,24.04402134,0.012379883,0.837934011
0.6,0.15,4,0.00043,0.0497,0.718,0.5,348.8372093,0.060952427,1.31264317,3.997798235,22.12340684,0.063420433,0.104537237,0.033309277,0.07122796,0.026960302,5.652053531,11.5929297,0.009513065,0.599669735
0.44,0.145,3,0.00074,0.0286,0.6904,0.728,195.9459459,0.100504488,1.319614527,3.558064747,22.6231791,0.115456224,0.151402216,0.031753541,0.119648675,0.042563466,5.903213313,31.49696483,0.016741153,0.515919388
0.6,0.15,4,0.00043,0.0531,0.71,0.5,348.8372093,0.060952427,1.327433516,3.997798235,22.12340684,0.063420433,0.104537237,0.033309277,0.07122796,0.026960302,5.652053531,11.5929297,0.009513065,0.599669735
2.44,0.18,13.6,0.00093,0.009,0.85,0.49,193.5483871,0.119772555,1.330556889,2.007339264,12.70572828,0.065646263,0.054774047,0.034251084,0.020522963,0.028700132,10.43310133,26.69112304,0.011816327,0.361321068
1.5,0.301,5,0.00077,0.086,1.41,0.588,390.9090909,0.103748114,1.341304097,2.783833925,16.07777043,0.04112918,0.078312667,0.032095936,0.046216731,0.031226002,8.306227829,24.04402134,0.012379883,0.837934011
1.5,0.245,6.1,0.0013,0.038,1.13,0.69,188.4615385,0.150787733,1.36228354,2.253083414,13.73982762,0.072905208,0.078309511,0.039646905,0.038662606,0.040572703,9.291205796,52.74451393,0.017861776,0.552005436
1.5,0.389,3.9,0.0021,0.122,1.79,0.69,185.2380952,0.201935551,1.365452003,1.684724524,9.385627952,0.050667914,0.04872414,0.049920368,0.001196228,0.04067586,12.41126489,85.41930656,0.019709819,0.65535784
0.61,0.22,2.8,0.00054,0.052,1.006,0.81,407.4074074,0.076421583,1.374056429,5.205143871,29.25728889,0.071813345,0.209599551,0.030986951,0.1786126,0.042780619,4.465899767,23.10153426,0.015798936,1.145131652
0.61,0.24,2.5,0.00054,0.07,1.097,0.77,444.4444444,0.076421583,1.374625774,4.946825225,27.49657931,0.061867303,0.185131162,0.030986951,0.154144211,0.040206073,4.751868157,21.71127924,0.014848153,1.187238054
0.61,0.27,2.3,0.00054,0.061,1.219,0.84,500,0.076421583,1.391681733,5.400876379,29.54205037,0.059084101,0.213699476,0.030986951,0.182712525,0.043197003,4.422852105,23.32638172,0.015952707,1.458236622
0.6,0.174,3.4,0.00036,0.0324,0.78,0.634,483.3333333,0.050150352,1.401633645,6.169216354,30.97566289,0.064087578,0.18420807,0.037125741,0.147082329,0.032746176,3.828718266,11.78862321,0.011151239,1.073443646
0.3,0.15,2,0.00135,0.051,0.67,0.66,111.1111111,0.154504728,1.406683278,2.101133077,13.82540336,0.12442863,0.081103914,0.040353311,0.040750603,0.04207681,9.179921798,56.80369283,0.018664295,0.315169962
0.61,0.26,2.3,0.00054,0.061,1.158,0.71,481.4814815,0.076421583,1.410732452,4.55890763,25.09181163,0.052113763,0.154165156,0.030986951,0.123178205,0.036689771,5.207281227,19.81247641,0.013549578,1.185315984
0.61,0.16,15.3,0.00033,0.015,0.7,0.41,484.8484848,0.045295113,1.436156642,4.377793869,21.46696127,0.044275608,0.083972183,0.039650623,0.04432156,0.021167994,5.349481127,6.985437975,0.007084097,0.700447019
0.61,0.28,2.2,0.00054,0.091,1.219,0.73,518.5185185,0.076421583,1.443225501,4.68886713,25.55397055,0.049282657,0.159896504,0.030986951,0.128909553,0.03736555,5.113104417,20.17739676,0.013799144,1.312882796
1.5,0.354,4.2,0.0013,0.066,1.53,0.79,272.3076923,0.150787733,1.4537566,2.582383409,14.92369584,0.054804533,0.092385693,0.039646905,0.052738788,0.044068579,8.554152228,57.28915274,0.019400805,0.914163727
1.5,0.32,4.7,0.0021,0.049,1.38,0.83,152.3809524,0.201935551,1.456970506,2.026630999,11.62446926,0.07628558,0.074741839,0.049920368,0.024821471,0.050378652,10.02088887,105.7951699,0.024411385,0.64852192
2.44,0.13,4.7,0.00028,0.018,0.55,0.48,464.2857143,0.036942404,1.485116527,6.282699671,28.82363498,0.062081675,0.137176036,0.04559398,0.091582056,0.024921441,3.705885578,6.978003485,0.008070618,0.816750957
0.61,0.26,2.3,0.00054,0.061,1.097,0.7,481.4814815,0.076421583,1.489177921,4.494164942,24.73840584,0.051379766,0.149853057,0.030986951,0.118866106,0.036173014,5.281670958,19.53342745,0.013358739,1.168482885
2.44,0.29,2.1,0.00019,0.03,1.22,0.55,1526.315789,0.021523872,1.493544048,12.30454563,39.01296922,0.025560221,0.1991389,0.066036224,0.133102676,0.024734883,2.175457244,4.699627788,0.007412464,3.568318233
0.44,0.135,3.3,0.00074,0.0247,0.5584,0.492,182.4324324,0.100504488,1.519036562,2.397419284,15.45067136,0.084692569,0.070618693,0.031753541,0.038865152,0.029069041,8.643601882,21.51109047,0.011433497,0.323651603
0.44,0.11,4,0.00044,0.0239,0.4543,0.457,250,0.06243369,1.521352375,3.561813069,20.78575421,0.083143017,0.093559763,0.032946469,0.060613294,0.025800368,6.049689796,11.35216204,0.009145732,0.391799438
0.6,0.17,3.5,0.00036,0.0306,0.696,0.591,472.2222222,0.050150352,1.534686066,5.745000224,28.96176346,0.061330793,0.161033947,0.037125741,0.123908206,0.030617165,4.094953903,11.02217951,0.010426235,0.976650038
1.5,0.193,7.8,0.0013,0.017,0.79,0.59,148.4615385,0.150787733,1.535006031,1.924522316,12.17554595,0.082011449,0.061493446,0.039646905,0.021846541,0.035953494,10.48491513,46.73954222,0.01582821,0.371432807
0.61,0.27,2.3,0.00054,0.058,1.097,0.66,500,0.076421583,1.546453995,4.235419126,23.211611,0.046423222,0.131926717,0.030986951,0.100939766,0.033940502,5.629084498,18.32787135,0.01253427,1.143563164
1.5,0.302,5,0.00077,0.077,1.2,0.586,392.2077922,0.103748114,1.581268302,2.774311117,16.01603157,0.040835577,0.077712378,0.032095936,0.045616442,0.031106093,8.338246811,23.95169197,0.012332344,0.837841957
2.7,0.34,7.9,0.00081,0.083,1.35,0.4,419.7530864,0.107946898,1.582431855,1.815207943,10.40465126,0.024787552,0.033808975,0.03259338,0.001215595,0.021043284,12.8243882,17.04506017,0.008427768,0.617170701
1.5,0.405,3.7,0.00077,0.104,1.59,0.659,525.974026,0.103748114,1.600433993,3.123649346,17.33607249,0.03295994,0.091050387,0.032095936,0.058954451,0.033669857,7.703337895,25.92578982,0.013348776,1.265077985
1.5,0.154,9.7,0.0021,0.017,0.6,0.64,73.33333333,0.201935551,1.612684229,1.559447594,10.0823896,0.137487131,0.056226941,0.049920368,0.006306573,0.043695517,11.55356214,91.76058673,0.021173018,0.240154929
0.44,0.12,3.7,0.00044,0.0228,0.4668,0.596,272.7272727,0.06243369,1.615214732,4.662558882,26.77903103,0.09818978,0.155291346,0.032946469,0.122344878,0.033239538,4.695739924,14.62539662,0.011782774,0.559507066
0.3,0.16,1.9,0.00135,0.051,0.61,0.62,118.5185185,0.154504728,1.648048605,1.97357643,12.85526738,0.108466319,0.070121052,0.040353311,0.02976774,0.039124257,9.872694037,52.81774722,0.017354611,0.315772229
0.6,0.2,3,0.00043,0.0581,0.728,0.5,465.1162791,0.060952427,1.72614981,3.99954703,21.29749064,0.045789605,0.096877713,0.033309277,0.063568436,0.025953813,5.871240038,11.16013973,0.009157921,0.799909406
1.5,0.17,8.8,0.00082,0.0361,0.6162,0.465,207.3170732,0.108975174,1.733433142,2.091029591,13.20210857,0.063680759,0.054835378,0.032723529,0.022111849,0.026964499,10.10357854,22.1108893,0.010825729,0.35547503
1.5,0.17,8.8,0.00082,0.0425,0.6068,0.806,207.3170732,0.108975174,1.76028593,3.637508705,22.88365485,0.110379982,0.164749848,0.032723529,0.132026319,0.046738465,5.82898762,38.32554146,0.018764597,0.61837648
2.44,0.3,2,0.00093,0.055,1.07,0.64,322.5806452,0.119772555,1.76164074,2.628383705,15.44030504,0.047864946,0.080888625,0.034251084,0.046637542,0.034877088,8.585332369,32.4356914,0.014359484,0.788515112
2.44,0.32,7.6,0.00093,0.015,1.13,0.53,344.0860215,0.119772555,1.779309114,2.174380254,12.67505542,0.03683688,0.054509906,0.034251084,0.020258823,0.028630847,10.4583488,26.62668808,0.011787802,0.695801681
2.44,0.32,7.6,0.00093,0.049,1.1,0.62,344.0860215,0.119772555,1.827835726,2.546042713,14.82742333,0.043092199,0.074594546,0.034251084,0.040343462,0.033492689,8.940201393,31.14820115,0.013789504,0.814733668
0.3,0.16,1.9,0.00135,0.051,0.55,0.79,118.5185185,0.154504728,1.827835726,2.516861029,16.38009876,0.138207083,0.11384638,0.040353311,0.073493069,0.049851876,7.748190257,67.30003274,0.022113133,0.402697765
2.44,0.16,15.3,0.00019,0.012,0.52,0.51,842.1052632,0.021523872,1.933287787,11.37631698,38.76782181,0.046036788,0.196644088,0.066036224,0.130607865,0.024579455,2.189213697,4.670096542,0.007365886,1.820210717
1.5,0.17,8.8,0.00082,0.0398,0.5435,0.686,207.3170732,0.108975174,1.965301752,3.093268494,19.47665909,0.093946238,0.119344709,0.032723529,0.08662118,0.039779885,6.848635601,32.61950551,0.01597086,0.525855644
0.6,0.152,3.9,0.00036,0.0248,0.456,0.601,422.2222222,0.050150352,2.094395102,5.842635048,29.88499208,0.070780244,0.171464305,0.037125741,0.134338564,0.031593164,3.968449648,11.37353904,0.010758597,0.888080527
0.61,0.18,13.6,0.00032,0.03,0.49,0.49,562.5,0.043648854,2.308108888,5.446654534,25.80034127,0.045867273,0.119076708,0.040646578,0.07843013,0.024822379,4.396119065,7.943161409,0.008256109,0.980397816
1,0.153,6.5,0.0005,0.022,0.383,0.399,306,0.071001967,2.509993086,2.735095538,15.92914971,0.052056045,0.0593271,0.031462566,0.027864535,0.021901133,8.104828278,10.95056628,0.007964575,0.418469617
2.44,0.32,1.9,0.00093,0.027,0.79,0.59,344.0860215,0.119772555,2.545087719,2.422153542,14.10996736,0.041007093,0.067550368,0.034251084,0.033299284,0.031872075,9.394787905,29.64103012,0.01312227,0.775089133
2.44,0.19,12.8,0.00028,0.021,0.46,0.53,678.5714286,0.036942404,2.595228714,6.955342754,30.33201937,0.044699818,0.151908964,0.04559398,0.106314984,0.026225618,3.521595179,7.343172956,0.008492965,1.321515123
0.9,0.217,4.1,0.0008,0.028,0.48,0.8,271.25,0.106910212,2.840523358,3.68118597,22.29758083,0.082203063,0.154118729,0.032465344,0.121653385,0.044650643,5.985927981,35.72051402,0.017838065,0.798817355
0.9,0.186,4.8,0.0008,0.024,0.39,0.7,232.5,0.106910212,2.99659607,3.217895798,19.93925968,0.085760257,0.123241786,0.032465344,0.090776442,0.039928132,6.693915176,31.9425058,0.015951408,0.598528618
2.44,0.31,7.9,0.00093,0.012,0.64,0.51,333.3333333,0.119772555,3.043417883,2.091691839,12.24927264,0.036747818,0.050909204,0.034251084,0.01665812,0.027669075,10.82187936,25.73223948,0.011391824,0.64842447
1,0.153,6.5,0.0005,0.02,0.3,0.356,306,0.071001967,3.204424507,2.435854891,14.21247443,0.046445995,0.047228845,0.031462566,0.01576628,0.01954086,9.083782256,9.770430064,0.007106237,0.372685798
0.61,0.17,14.4,0.00032,0.03,0.31,0.51,531.25,0.043648854,3.445617749,5.672666924,27.04922074,0.05091618,0.130883661,0.040646578,0.090237083,0.02602392,4.193147493,8.327654433,0.008655751,0.964353377
